[{
  "_id": {
    "$oid": "620e3cb4e6ffcfc83d687bbc"
  },
  "name": "Dinesh Kumar",
  "age": 22,
  "salary": 30000,
  "id": 1,
  "__v": 0
},{
  "_id": {
    "$oid": "620e3ce8e6ffcfc83d687bc0"
  },
  "name": "Iron Man",
  "age": 25,
  "salary": 35000,
  "id": 2,
  "__v": 0
},{
  "_id": {
    "$oid": "620e3d19e6ffcfc83d687bc3"
  },
  "name": "Capitan America",
  "age": 24,
  "salary": 27500,
  "id": 3,
  "__v": 0
},{
  "_id": {
    "$oid": "620e3d5f5281349f48d1ecd1"
  },
  "name": "Thor",
  "age": 27,
  "salary": 29000,
  "id": 4,
  "__v": 0
},{
  "_id": {
    "$oid": "620e3d785281349f48d1ecd4"
  },
  "name": "Hulk",
  "age": 28,
  "salary": 29500,
  "id": 5,
  "__v": 0
},{
  "_id": {
    "$oid": "620e3d915281349f48d1ecd7"
  },
  "name": "Spider man",
  "age": 23,
  "salary": 26500,
  "id": 6,
  "__v": 0
},{
  "_id": {
    "$oid": "620e3da65281349f48d1ecda"
  },
  "name": "Capitan Marvel",
  "age": 25,
  "salary": 28500,
  "id": 7,
  "__v": 0
},{
  "_id": {
    "$oid": "620e3dbe5281349f48d1ecdd"
  },
  "name": "Jhon Snow",
  "age": 25,
  "salary": 26700,
  "id": 8,
  "__v": 0
},{
  "_id": {
    "$oid": "620e3dd65281349f48d1ece0"
  },
  "name": "Rob",
  "age": 22,
  "salary": 25700,
  "id": 9,
  "__v": 0
},{
  "_id": {
    "$oid": "620e3df45281349f48d1ece4"
  },
  "name": "sansa",
  "age": 20,
  "salary": 25900,
  "id": 10,
  "__v": 0
},{
  "_id": {
    "$oid": "620e3e0a5281349f48d1ece7"
  },
  "name": "Arya",
  "age": 19,
  "salary": 24900,
  "id": 11,
  "__v": 0
},{
  "_id": {
    "$oid": "620e3e295281349f48d1eceb"
  },
  "name": "Bron",
  "age": 18,
  "salary": 22000,
  "id": 12,
  "__v": 0
},{
  "_id": {
    "$oid": "620e3e3b5281349f48d1ecee"
  },
  "name": "Ned",
  "age": 40,
  "salary": 30900,
  "id": 13,
  "__v": 0
},{
  "_id": {
    "$oid": "620e3e545281349f48d1ecf1"
  },
  "name": "Bengin",
  "age": 38,
  "salary": 29000,
  "id": 14,
  "__v": 0
},{
  "_id": {
    "$oid": "620e3e6b5281349f48d1ecf4"
  },
  "name": "Tyrion",
  "age": 22,
  "salary": 35000,
  "id": 15,
  "__v": 0
},{
  "_id": {
    "$oid": "620e3e835281349f48d1ecf7"
  },
  "name": "Jhonas",
  "age": 22,
  "salary": 20000,
  "id": 16,
  "__v": 0
}]