{
  "Employees": [
    {
      "Name": "Dinesh Kumar",
      "ID": 1,
      "skills": "AngularJS",
      "project": "Cognizant Training",
      "Location": "Chennai",
      "placeholder": "https://cdn3.vectorstock.com/i/thumb-large/54/17/person-gray-photo-placeholder-man-vector-24005417.jpg"
    },
    {
      "Name": "Asma",
      "ID": 2,
      "skills": "AngularJS",
      "project": "Cognizant Training",
      "Location": "Chennai",
      "placeholder": "https://cdn4.vectorstock.com/i/thumb-large/82/33/person-gray-photo-placeholder-woman-vector-24138233.jpg"
    },
    {
      "Name": "Pavan",
      "ID": 3,
      "skills": "HTML & CSS",
      "project": "Cognizant Training",
      "Location": "Hyderabad",
      "placeholder": "https://cdn3.vectorstock.com/i/thumb-large/54/17/person-gray-photo-placeholder-man-vector-24005417.jpg"
    },
    {
      "Name": "Praveen",
      "ID": 4,
      "skills": "AngularJS",
      "project": "Cognizant Training",
      "Location": "Bangalore",
      "placeholder": "https://cdn3.vectorstock.com/i/thumb-large/54/17/person-gray-photo-placeholder-man-vector-24005417.jpg"
    },
    {
      "Name": "Preethi",
      "ID": 5,
      "skills": "AngularJS",
      "project": "Cognizant Training",
      "Location": "Bangalore",
      "placeholder": "https://cdn4.vectorstock.com/i/thumb-large/82/33/person-gray-photo-placeholder-woman-vector-24138233.jpg"
    },
    {
      "Name": "Adarsh",
      "ID": 6,
      "skills": "HTML & CSS",
      "project": "Cognizant Training",
      "Location": "Chennai",
      "placeholder": "https://cdn3.vectorstock.com/i/thumb-large/54/17/person-gray-photo-placeholder-man-vector-24005417.jpg"
    },
    {
      "Name": "Hari Krishna",
      "ID": 7,
      "skills": "ReactJS",
      "project": "Cognizant Training",
      "Location": "Bangalore",
      "placeholder": "https://cdn3.vectorstock.com/i/thumb-large/54/17/person-gray-photo-placeholder-man-vector-24005417.jpg"
    },
    {
      "Name": "Indhu",
      "ID": 8,
      "skills": "ReactJS",
      "project": "Cognizant Training",
      "Location": "Bangalore",
      "placeholder": "https://cdn4.vectorstock.com/i/thumb-large/82/33/person-gray-photo-placeholder-woman-vector-24138233.jpg"
    },
    {
      "Name": "Sai Kiran",
      "ID": 9,
      "skills": "HTML & CSS",
      "project": "Cognizant Training",
      "Location": "Hyderabad",
      "placeholder": "https://cdn3.vectorstock.com/i/thumb-large/54/17/person-gray-photo-placeholder-man-vector-24005417.jpg"
    },
    {
      "Name": "Vijay",
      "ID": 10,
      "skills": "HTML & CSS",
      "project": "Cognizant Training",
      "Location": "Hyderabad",
      "placeholder": "https://cdn3.vectorstock.com/i/thumb-large/54/17/person-gray-photo-placeholder-man-vector-24005417.jpg"
    },
    {
      "Name": "Ramadevi",
      "ID": 11,
      "skills": "ReactJS",
      "project": "Cognizant Training",
      "Location": "Chennai",
      "placeholder": "https://cdn4.vectorstock.com/i/thumb-large/82/33/person-gray-photo-placeholder-woman-vector-24138233.jpg"
    },
    {
      "Name": "Shyam",
      "ID": 12,
      "skills": "ReactJS",
      "project": "Cognizant Training",
      "Location": "Bangalore",
      "placeholder": "https://cdn3.vectorstock.com/i/thumb-large/54/17/person-gray-photo-placeholder-man-vector-24005417.jpg"
    }
  ]
}